file_name,class,confidence
CDOSR_044647_0001.jpg,day,0.99998605
CDOSR_044647_0002.jpg,day,0.9999919
CDOSR_044648_0003.jpg,day,0.99996984
CDOSR_044649_0004.jpg,day,0.9999713
CDOSR_044649_0005.jpg,day,0.9999944
CDOSR_044650_0006.jpg,day,0.99998105
CDOSR_044651_0007.jpg,day,0.99997926
CDOSR_044651_0008.jpg,day,0.99999213
CDOSR_044652_0009.jpg,day,0.9999764
CDOSR_044652_0010.jpg,day,0.99998724
CDOSR_044653_0011.jpg,day,0.9999894
CDOSR_044654_0012.jpg,day,0.9999968
CDOSR_044654_0013.jpg,day,0.999997
CDOSR_044655_0014.jpg,day,0.99998975
CDOSR_044656_0015.jpg,day,0.99999726
CDOSR_044656_0016.jpg,day,0.9999974
CDOSR_044657_0017.jpg,day,0.9999957
CDOSR_044657_0018.jpg,day,0.99999905
CDOSR_044658_0019.jpg,day,0.9999968
CDOSR_044659_0020.jpg,day,0.9999975
CDOSR_044659_0021.jpg,day,0.9999968
CDOSR_044700_0022.jpg,day,0.9999974
CDOSR_044701_0023.jpg,day,0.99999845
CDOSR_044701_0024.jpg,day,0.999997
CDOSR_044702_0025.jpg,day,0.9999987
CDOSR_044702_0026.jpg,day,0.99999714
CDOSR_044703_0027.jpg,day,0.99999666
CDOSR_044704_0028.jpg,day,0.999998
CDOSR_044704_0029.jpg,day,0.99999845
CDOSR_044705_0030.jpg,day,0.99999857
CDOSR_044706_0031.jpg,day,0.9999988
CDOSR_044706_0032.jpg,day,0.9999982
CDOSR_044707_0033.jpg,day,0.999998
CDOSR_044707_0034.jpg,day,0.9999982
CDOSR_044708_0035.jpg,day,0.9999981
CDOSR_044709_0036.jpg,day,0.9999989
CDOSR_044709_0037.jpg,day,0.9999989
CDOSR_044710_0038.jpg,day,0.9999981
CDOSR_044710_0039.jpg,day,0.9999969
CDOSR_044711_0040.jpg,day,0.99999845
CDOSR_044712_0041.jpg,day,0.9999976
CDOSR_044712_0042.jpg,day,0.999997
CDOSR_044713_0043.jpg,day,0.999998
CDOSR_044714_0044.jpg,day,0.99999726
CDOSR_044714_0045.jpg,day,0.9999982
CDOSR_044715_0046.jpg,day,0.9999939
CDOSR_044715_0047.jpg,day,0.9999949
CDOSR_044716_0048.jpg,day,0.99999344
CDOSR_044717_0049.jpg,day,0.99999666
CDOSR_044717_0050.jpg,day,0.9999951
CDOSR_044718_0051.jpg,day,0.9999944
CDOSR_044718_0052.jpg,day,0.9999982
CDOSR_044719_0053.jpg,day,0.99999464
CDOSR_044720_0054.jpg,day,0.99998856
CDOSR_044720_0055.jpg,day,0.99999464
CDOSR_044721_0056.jpg,day,0.99999523
CDOSR_044722_0057.jpg,day,0.99999106
CDOSR_044722_0058.jpg,day,0.99999344
CDOSR_044723_0059.jpg,day,0.9999949
CDOSR_044723_0060.jpg,day,0.9999975
CDOSR_044724_0061.jpg,day,0.9999844
CDOSR_044725_0062.jpg,day,0.99999356
CDOSR_044725_0063.jpg,day,0.9999938
CDOSR_044726_0064.jpg,day,0.99998856
CDOSR_044727_0065.jpg,day,0.9999839
CDOSR_044727_0066.jpg,day,0.9999887
CDOSR_044728_0067.jpg,day,0.9999962
CDOSR_044728_0068.jpg,day,0.99997914
CDOSR_044729_0069.jpg,day,0.99999404
CDOSR_044730_0070.jpg,day,0.9999976
CDOSR_044730_0071.jpg,day,0.99999547
CDOSR_044731_0072.jpg,day,0.999997
CDOSR_044731_0073.jpg,day,0.9999989
CDOSR_044732_0074.jpg,day,0.99999845
CDOSR_044733_0075.jpg,day,0.99999523
CDOSR_044733_0076.jpg,day,0.9999882
CDOSR_044734_0077.jpg,day,0.9999908
CDOSR_044735_0078.jpg,day,0.9999927
CDOSR_044735_0079.jpg,day,0.99998033
CDOSR_044736_0080.jpg,day,0.9999937
CDOSR_044737_0081.jpg,day,0.99999297
CDOSR_044737_0082.jpg,day,0.9999894
CDOSR_044738_0083.jpg,day,0.99999404
CDOSR_044738_0084.jpg,day,0.999987
CDOSR_044739_0085.jpg,day,0.9999964
CDOSR_044740_0086.jpg,day,0.9999958
CDOSR_044740_0087.jpg,day,0.99999535
CDOSR_044741_0088.jpg,day,0.99999595
CDOSR_044741_0089.jpg,day,0.9999912
CDOSR_044742_0090.jpg,day,0.9999839
CDOSR_044743_0091.jpg,day,0.99997675
CDOSR_044743_0092.jpg,day,0.9999869
CDOSR_044744_0093.jpg,day,0.99998903
CDOSR_044745_0094.jpg,day,0.99999464
CDOSR_044745_0095.jpg,day,0.9999957
CDOSR_044746_0096.jpg,day,0.99999666
CDOSR_044746_0097.jpg,day,0.9999964
CDOSR_044747_0098.jpg,day,0.9999981
CDOSR_044748_0099.jpg,day,0.99999547
CDOSR_044748_0100.jpg,day,0.99999726
CDOSR_044749_0101.jpg,day,0.999998
CDOSR_044749_0102.jpg,day,0.9999956
CDOSR_044750_0103.jpg,day,0.99999666
CDOSR_044751_0104.jpg,day,0.9999982
CDOSR_044751_0105.jpg,day,0.9999964
CDOSR_044752_0106.jpg,day,0.99999845
CDOSR_044753_0107.jpg,day,0.99999785
CDOSR_044753_0108.jpg,day,0.9999987
CDOSR_044754_0109.jpg,day,0.9999976
CDOSR_044754_0110.jpg,day,0.99999833
CDOSR_044755_0111.jpg,day,0.99999905
CDOSR_044756_0112.jpg,day,0.9999975
CDOSR_044756_0113.jpg,day,0.9999994
CDOSR_044757_0114.jpg,day,0.9999993
CDOSR_044758_0115.jpg,day,0.9999982
CDOSR_044758_0116.jpg,day,0.9999994
CDOSR_044759_0117.jpg,day,0.9999994
CDOSR_044759_0118.jpg,day,0.99999917
CDOSR_044800_0119.jpg,day,0.99999917
CDOSR_044801_0120.jpg,day,0.9999999
CDOSR_044801_0121.jpg,day,0.9999999
CDOSR_044802_0122.jpg,day,0.99999964
CDOSR_044803_0123.jpg,day,0.9999994
CDOSR_044803_0124.jpg,day,0.9999994
CDOSR_044804_0125.jpg,day,0.9999993
CDOSR_044804_0126.jpg,day,0.99999976
CDOSR_044805_0127.jpg,day,0.99999976
CDOSR_044806_0128.jpg,day,0.9999994
CDOSR_044806_0129.jpg,day,0.99999857
CDOSR_044807_0130.jpg,day,0.9999993
CDOSR_044807_0131.jpg,day,0.9999995
CDOSR_044808_0132.jpg,day,0.99999917
CDOSR_044809_0133.jpg,day,0.9999995
CDOSR_044809_0134.jpg,day,0.99999976
CDOSR_044810_0135.jpg,day,0.9999999
CDOSR_044810_0136.jpg,day,0.99999964
CDOSR_044811_0137.jpg,day,0.99999976
CDOSR_044812_0138.jpg,day,0.99999976
CDOSR_044812_0139.jpg,day,0.99999917
CDOSR_044813_0140.jpg,day,0.9999993
CDOSR_044814_0141.jpg,day,0.99999976
CDOSR_044814_0142.jpg,day,0.9999999
CDOSR_044815_0143.jpg,day,0.99999964
CDOSR_044815_0144.jpg,day,0.9999993
CDOSR_044816_0145.jpg,day,0.9999995
CDOSR_044817_0146.jpg,day,0.99999964
CDOSR_044817_0147.jpg,day,0.99999964
CDOSR_044818_0148.jpg,day,0.99999964
CDOSR_044819_0149.jpg,day,0.9999995
CDOSR_044819_0150.jpg,day,0.9999994
CDOSR_044820_0151.jpg,day,0.9999994
CDOSR_044820_0152.jpg,day,0.9999994
CDOSR_044821_0153.jpg,day,0.9999994
CDOSR_044822_0154.jpg,day,0.99999726
CDOSR_044822_0155.jpg,day,0.9999981
CDOSR_044823_0156.jpg,day,0.99999714
CDOSR_044823_0157.jpg,day,0.99999833
CDOSR_044824_0158.jpg,day,0.99999905
CDOSR_044825_0159.jpg,day,0.99999857
CDOSR_044825_0160.jpg,day,0.99999833
CDOSR_044826_0161.jpg,day,0.99999774
CDOSR_044827_0162.jpg,day,0.9999988
CDOSR_044827_0163.jpg,day,0.99999917
CDOSR_044828_0164.jpg,day,0.99999857
CDOSR_044828_0165.jpg,day,0.9999995
CDOSR_044829_0166.jpg,day,0.9999982
CDOSR_044830_0167.jpg,day,0.99999785
CDOSR_044830_0168.jpg,day,0.9999974
CDOSR_044831_0169.jpg,day,0.9999974
CDOSR_044832_0170.jpg,day,0.99999714
CDOSR_044832_0171.jpg,day,0.99999714
CDOSR_044833_0172.jpg,day,0.9999987
CDOSR_044833_0173.jpg,day,0.99999547
CDOSR_044834_0174.jpg,day,0.999998
CDOSR_044835_0175.jpg,day,0.9999975
CDOSR_044835_0176.jpg,day,0.99999833
CDOSR_044836_0177.jpg,day,0.999998
CDOSR_044837_0178.jpg,day,0.99999785
CDOSR_044837_0179.jpg,day,0.9999981
CDOSR_044838_0180.jpg,day,0.99999845
CDOSR_044838_0181.jpg,day,0.99999213
CDOSR_044839_0182.jpg,day,0.9999989
CDOSR_044840_0183.jpg,day,0.9999976
CDOSR_044840_0184.jpg,day,0.99999785
CDOSR_044841_0185.jpg,day,0.99999785
CDOSR_044841_0186.jpg,day,0.99999774
CDOSR_044842_0187.jpg,day,0.99999595
CDOSR_044843_0188.jpg,day,0.9999964
CDOSR_044843_0189.jpg,day,0.999995
CDOSR_044844_0190.jpg,day,0.9999958
CDOSR_044845_0191.jpg,day,0.9999963
CDOSR_044845_0192.jpg,day,0.9999963
CDOSR_044846_0193.jpg,day,0.99999034
CDOSR_044846_0194.jpg,day,0.9999845
CDOSR_044847_0195.jpg,day,0.9999678
CDOSR_044848_0196.jpg,day,0.999977
CDOSR_044848_0197.jpg,day,0.99999416
CDOSR_044849_0198.jpg,day,0.9999887
CDOSR_044849_0199.jpg,day,0.99999475
CDOSR_044850_0200.jpg,day,0.99999213
CDOSR_044851_0201.jpg,day,0.99998987
CDOSR_044851_0202.jpg,day,0.9999895
CDOSR_044852_0203.jpg,day,0.99999547
CDOSR_044853_0204.jpg,day,0.9999906
CDOSR_044853_0205.jpg,day,0.99999595
CDOSR_044854_0206.jpg,day,0.99999225
CDOSR_044854_0207.jpg,day,0.9999945
CDOSR_044855_0208.jpg,day,0.9999968
CDOSR_044856_0209.jpg,day,0.99998856
CDOSR_044856_0210.jpg,day,0.9999981
CDOSR_044857_0211.jpg,day,0.99999785
CDOSR_044857_0212.jpg,day,0.99999785
CDOSR_044858_0213.jpg,day,0.9999994
CDOSR_044859_0214.jpg,day,0.99999785
CDOSR_044859_0215.jpg,day,0.9999994
CDOSR_044900_0216.jpg,day,0.99999774
CDOSR_044901_0217.jpg,day,0.9999994
CDOSR_044901_0218.jpg,day,0.9999995
CDOSR_044902_0219.jpg,day,0.9999995
CDOSR_044903_0220.jpg,day,0.9999995
CDOSR_044903_0221.jpg,day,0.9999993
CDOSR_044904_0222.jpg,day,0.99999964
CDOSR_044904_0223.jpg,day,0.99999964
CDOSR_044905_0224.jpg,day,0.99999976
CDOSR_044906_0225.jpg,day,0.9999999
CDOSR_044906_0226.jpg,day,0.9999999
CDOSR_044907_0227.jpg,day,0.99999976
CDOSR_044908_0228.jpg,day,0.9999999
CDOSR_044908_0229.jpg,day,0.9999995
CDOSR_044909_0230.jpg,day,0.9999994
CDOSR_044909_0231.jpg,day,0.99999917
CDOSR_044910_0232.jpg,day,0.99999976
CDOSR_044911_0233.jpg,day,0.99999964
CDOSR_044911_0234.jpg,day,0.9999999
CDOSR_044912_0235.jpg,day,0.99999917
CDOSR_044913_0236.jpg,day,0.9999993
CDOSR_044913_0237.jpg,day,0.99999857
CDOSR_044918_0238.jpg,day,0.9999993
CDOSR_044923_0239.jpg,day,0.9999932
CDOSR_044929_0240.jpg,day,0.99998677
CDOSR_044934_0241.jpg,day,0.99996436
CDOSR_044939_0242.jpg,day,0.9999559
CDOSR_044944_0243.jpg,day,0.9999589
CDOSR_044949_0244.jpg,day,0.99992204
CDOSR_044954_0245.jpg,day,0.9998673
CDOSR_044959_0246.jpg,day,0.9998845
CDOSR_045004_0247.jpg,day,0.9999764
CDOSR_045010_0248.jpg,day,0.99995875
CDOSR_045015_0249.jpg,day,0.9999633
CDOSR_045020_0250.jpg,day,0.9999416
CDOSR_045025_0251.jpg,day,0.9999567
CDOSR_045030_0252.jpg,day,0.9999629
CDOSR_045036_0253.jpg,day,0.9999639
CDOSR_045041_0254.jpg,day,0.99994373
CDOSR_045046_0255.jpg,day,0.9999676
CDOSR_045051_0256.jpg,day,0.9999312
CDOSR_045056_0257.jpg,day,0.999972
CDOSR_045101_0258.jpg,day,0.9999225
CDOSR_045106_0259.jpg,day,0.99992526
CDOSR_045112_0260.jpg,day,0.99997234
CDOSR_045117_0261.jpg,day,0.99998033
CDOSR_045122_0262.jpg,day,0.9999932
CDOSR_045127_0263.jpg,day,0.9999764
CDOSR_045132_0264.jpg,day,0.99998903
CDOSR_045138_0265.jpg,day,0.9999927
CDOSR_045143_0266.jpg,day,0.99999285
CDOSR_045148_0267.jpg,day,0.99999297
CDOSR_045153_0268.jpg,day,0.9999801
CDOSR_045158_0269.jpg,day,0.9999815
CDOSR_045203_0270.jpg,day,0.99997294
CDOSR_045208_0271.jpg,day,0.9999869
CDOSR_045214_0272.jpg,day,0.9999851
CDOSR_045219_0273.jpg,day,0.9999455
CDOSR_045224_0274.jpg,day,0.9999348
CDOSR_045229_0275.jpg,day,0.9999125
CDOSR_045234_0276.jpg,day,0.999969
CDOSR_045239_0277.jpg,day,0.99996233
CDOSR_045244_0278.jpg,day,0.9999341
CDOSR_045250_0279.jpg,day,0.999926
CDOSR_045255_0280.jpg,day,0.99990356
CDOSR_045300_0281.jpg,day,0.99994147
CDOSR_045305_0282.jpg,day,0.9999428
CDOSR_045310_0283.jpg,day,0.9999356
CDOSR_045316_0284.jpg,day,0.9999176
CDOSR_045321_0285.jpg,day,0.99997747
CDOSR_045326_0286.jpg,day,0.99986565
CDOSR_045331_0287.jpg,day,0.9999037
CDOSR_045336_0288.jpg,day,0.99991274
CDOSR_045341_0289.jpg,day,0.99998045
CDOSR_045347_0290.jpg,day,0.99992883
CDOSR_045352_0291.jpg,day,0.9999403
CDOSR_045357_0292.jpg,day,0.9999542
CDOSR_045402_0293.jpg,day,0.9999176
CDOSR_045407_0294.jpg,day,0.99979347
CDOSR_045412_0295.jpg,day,0.9997173
CDOSR_045417_0296.jpg,day,0.9997979
CDOSR_045423_0297.jpg,day,0.99967325
CDOSR_045428_0298.jpg,day,0.99991846
CDOSR_045433_0299.jpg,day,0.9998543
CDOSR_045438_0300.jpg,day,0.99977225
CDOSR_045443_0301.jpg,day,0.99974805
CDOSR_045448_0302.jpg,day,0.999752
CDOSR_045453_0303.jpg,day,0.99979
CDOSR_045459_0304.jpg,day,0.9998683
CDOSR_045504_0305.jpg,day,0.9994791
CDOSR_045509_0306.jpg,day,0.9999018
CDOSR_045514_0307.jpg,day,0.9997062
CDOSR_045519_0308.jpg,day,0.99985886
CDOSR_045524_0309.jpg,day,0.999691
CDOSR_045529_0310.jpg,day,0.99873775
CDOSR_045534_0311.jpg,day,0.9996277
CDOSR_045539_0312.jpg,day,0.9993782
CDOSR_045544_0313.jpg,day,0.99894506
CDOSR_045550_0314.jpg,day,0.99871445
CDOSR_045555_0315.jpg,day,0.9965988
CDOSR_045600_0316.jpg,day,0.99330103
CDOSR_045605_0317.jpg,day,0.91360873
CDOSR_045610_0318.jpg,day,0.6753038
CDOSR_045615_0319.jpg,night,0.76827973
CDOSR_045620_0320.jpg,night,0.95182157
CDOSR_045625_0321.jpg,night,0.9947555
CDOSR_045630_0322.jpg,night,0.9986985
CDOSR_045635_0323.jpg,night,0.9996846
CDOSR_045640_0324.jpg,night,0.9999187
CDOSR_045645_0325.jpg,night,0.9999485
CDOSR_045650_0326.jpg,night,0.9999622
CDOSR_045656_0327.jpg,night,0.99995375
CDOSR_045701_0328.jpg,night,0.99997354
CDOSR_045706_0329.jpg,night,0.9999707
CDOSR_045711_0330.jpg,night,0.9999715
CDOSR_045716_0331.jpg,night,0.9999739
CDOSR_045721_0332.jpg,night,0.99996626
CDOSR_045726_0333.jpg,night,0.99996746
CDOSR_045731_0334.jpg,night,0.9999521
CDOSR_045736_0335.jpg,night,0.9999583
CDOSR_045741_0336.jpg,night,0.9999615
CDOSR_045746_0337.jpg,night,0.9999534
CDOSR_045751_0338.jpg,night,0.9999536
CDOSR_045756_0339.jpg,night,0.9999498
CDOSR_045801_0340.jpg,night,0.99995875
CDOSR_045806_0341.jpg,night,0.99995995
CDOSR_045811_0342.jpg,night,0.9999347
CDOSR_045817_0343.jpg,night,0.99992037
CDOSR_045822_0344.jpg,night,0.99989915
CDOSR_045827_0345.jpg,night,0.99991405
CDOSR_045832_0346.jpg,night,0.99986565
CDOSR_045837_0347.jpg,night,0.99987936
CDOSR_045842_0348.jpg,night,0.9998716
CDOSR_045847_0349.jpg,night,0.9998932
CDOSR_045852_0350.jpg,night,0.99989116
CDOSR_045857_0351.jpg,night,0.9998883
CDOSR_045902_0352.jpg,night,0.9998894
CDOSR_045907_0353.jpg,night,0.99987614
CDOSR_045912_0354.jpg,night,0.99989665
CDOSR_045917_0355.jpg,night,0.999905
CDOSR_045922_0356.jpg,night,0.9998913
CDOSR_045928_0357.jpg,night,0.9998847
CDOSR_045933_0358.jpg,night,0.99991095
CDOSR_045938_0359.jpg,night,0.99988425
CDOSR_045943_0360.jpg,night,0.9998783
CDOSR_045948_0361.jpg,night,0.99983466
CDOSR_045953_0362.jpg,night,0.99986637
CDOSR_045958_0363.jpg,night,0.99983156
CDOSR_050003_0364.jpg,night,0.9997838
CDOSR_050008_0365.jpg,night,0.9996878
CDOSR_050013_0366.jpg,night,0.99965775
CDOSR_050018_0367.jpg,night,0.9995677
CDOSR_050023_0368.jpg,night,0.9994272
CDOSR_050028_0369.jpg,night,0.999471
CDOSR_050033_0370.jpg,night,0.9993268
CDOSR_050038_0371.jpg,night,0.9991487
CDOSR_050044_0372.jpg,night,0.99884605
CDOSR_050049_0373.jpg,night,0.9981522
CDOSR_050054_0374.jpg,night,0.9991653
CDOSR_050059_0375.jpg,night,0.99981827
CDOSR_050104_0376.jpg,night,0.9999614
CDOSR_050109_0377.jpg,night,0.9996524
CDOSR_050114_0378.jpg,night,0.9996426
CDOSR_050119_0379.jpg,night,0.9995664
CDOSR_050124_0380.jpg,night,0.99956626
CDOSR_050129_0381.jpg,night,0.99956626
CDOSR_050134_0382.jpg,night,0.9995664
CDOSR_050140_0383.jpg,night,0.99956626
CDOSR_050145_0384.jpg,night,0.9995664
CDOSR_050150_0385.jpg,night,0.9995664
CDOSR_050155_0386.jpg,night,0.9995664
CDOSR_050200_0387.jpg,night,0.9995664
CDOSR_050205_0388.jpg,night,0.9995664
CDOSR_050210_0389.jpg,night,0.9995664
CDOSR_050215_0390.jpg,night,0.9995664
CDOSR_050220_0391.jpg,night,0.9995664
CDOSR_050226_0392.jpg,night,0.9995664
CDOSR_050231_0393.jpg,night,0.9995664
CDOSR_050236_0394.jpg,night,0.9995664
CDOSR_050241_0395.jpg,night,0.9995664
CDOSR_050246_0396.jpg,night,0.9995664
CDOSR_050251_0397.jpg,night,0.99956626
CDOSR_050256_0398.jpg,night,0.9995664
CDOSR_050301_0399.jpg,night,0.9995664
CDOSR_050306_0400.jpg,night,0.9995664
CDOSR_050311_0401.jpg,night,0.9995664
CDOSR_050316_0402.jpg,night,0.99956626
CDOSR_050321_0403.jpg,night,0.9995664
CDOSR_050326_0404.jpg,night,0.9995664
CDOSR_050331_0405.jpg,night,0.9995664
CDOSR_050337_0406.jpg,night,0.9995664
CDOSR_050342_0407.jpg,night,0.9995664
CDOSR_050347_0408.jpg,night,0.99956626
CDOSR_050352_0409.jpg,night,0.99956626
CDOSR_050357_0410.jpg,night,0.9995664
CDOSR_050402_0411.jpg,night,0.9995664
CDOSR_050407_0412.jpg,night,0.9995664
CDOSR_050412_0413.jpg,night,0.9995664
CDOSR_050417_0414.jpg,night,0.9995664
CDOSR_050422_0415.jpg,night,0.9995665
CDOSR_050427_0416.jpg,night,0.99956626
CDOSR_050433_0417.jpg,night,0.9995665
CDOSR_050438_0418.jpg,night,0.9995664
CDOSR_050443_0419.jpg,night,0.99956626
CDOSR_050448_0420.jpg,night,0.9995665
CDOSR_050453_0421.jpg,night,0.9995664
CDOSR_050458_0422.jpg,night,0.9995664
CDOSR_050503_0423.jpg,night,0.9995665
CDOSR_050508_0424.jpg,night,0.9995664
CDOSR_050513_0425.jpg,night,0.99956626
CDOSR_050518_0426.jpg,night,0.9995664
CDOSR_050523_0427.jpg,night,0.9995664
CDOSR_050528_0428.jpg,night,0.9995664
CDOSR_050534_0429.jpg,night,0.9995664
CDOSR_050539_0430.jpg,night,0.99956626
CDOSR_050544_0431.jpg,night,0.99956626
CDOSR_050549_0432.jpg,night,0.9995664
CDOSR_050554_0433.jpg,night,0.99956626
CDOSR_050559_0434.jpg,night,0.9995664
CDOSR_050604_0435.jpg,night,0.9995664
CDOSR_050609_0436.jpg,night,0.9995664
CDOSR_050614_0437.jpg,night,0.9995664
CDOSR_050619_0438.jpg,night,0.9995664
CDOSR_050624_0439.jpg,night,0.9995664
CDOSR_050629_0440.jpg,night,0.9995665
CDOSR_050635_0441.jpg,night,0.9995664
CDOSR_050640_0442.jpg,night,0.9995664
CDOSR_050645_0443.jpg,night,0.9995664
CDOSR_050650_0444.jpg,night,0.9995664
CDOSR_050655_0445.jpg,night,0.99956626
CDOSR_050700_0446.jpg,night,0.9995664
CDOSR_050705_0447.jpg,night,0.9995664
CDOSR_050710_0448.jpg,night,0.9995664
CDOSR_050715_0449.jpg,night,0.99956626
CDOSR_050720_0450.jpg,night,0.9995664
CDOSR_050725_0451.jpg,night,0.9995664
CDOSR_050730_0452.jpg,night,0.99956626
CDOSR_050735_0453.jpg,night,0.9995664
CDOSR_050740_0454.jpg,night,0.9995664
CDOSR_050746_0455.jpg,night,0.9995664
CDOSR_050751_0456.jpg,night,0.9995664
CDOSR_050756_0457.jpg,night,0.99956626
CDOSR_050801_0458.jpg,night,0.9995664
CDOSR_050806_0459.jpg,night,0.9995664
CDOSR_050811_0460.jpg,night,0.9995664
CDOSR_050816_0461.jpg,night,0.9995664
CDOSR_050821_0462.jpg,night,0.9995664
CDOSR_050826_0463.jpg,night,0.9995665
CDOSR_050831_0464.jpg,night,0.9995664
CDOSR_050836_0465.jpg,night,0.9995664
CDOSR_050841_0466.jpg,night,0.99956626
CDOSR_050846_0467.jpg,night,0.9995664
CDOSR_050851_0468.jpg,night,0.9995664
CDOSR_050856_0469.jpg,night,0.99956626
CDOSR_050901_0470.jpg,night,0.9995665
CDOSR_050906_0471.jpg,night,0.9995664
CDOSR_050911_0472.jpg,night,0.9995664
CDOSR_050916_0473.jpg,night,0.9995664
CDOSR_050921_0474.jpg,night,0.9995665
CDOSR_050927_0475.jpg,night,0.9995664
CDOSR_050932_0476.jpg,night,0.99956626
CDOSR_050937_0477.jpg,night,0.99956626
CDOSR_050942_0478.jpg,night,0.99956626
CDOSR_050947_0479.jpg,night,0.99956626
CDOSR_050952_0480.jpg,night,0.99956626
CDOSR_050957_0481.jpg,night,0.9995664
CDOSR_051002_0482.jpg,night,0.99956626
CDOSR_051007_0483.jpg,night,0.9995664
CDOSR_051012_0484.jpg,night,0.99956626
CDOSR_051017_0485.jpg,night,0.9995664
CDOSR_051023_0486.jpg,night,0.9995664
CDOSR_051028_0487.jpg,night,0.9995664
CDOSR_051033_0488.jpg,night,0.99956626
CDOSR_051038_0489.jpg,night,0.9995664
CDOSR_051043_0490.jpg,night,0.9995664
CDOSR_051048_0491.jpg,night,0.99956626
CDOSR_051053_0492.jpg,night,0.9995664
CDOSR_051058_0493.jpg,night,0.9995664
CDOSR_051103_0494.jpg,night,0.9995664
CDOSR_051108_0495.jpg,night,0.99956626
CDOSR_051114_0496.jpg,night,0.9995664
CDOSR_051119_0497.jpg,night,0.99956626
CDOSR_051124_0498.jpg,night,0.9995664
CDOSR_051129_0499.jpg,night,0.9995664
CDOSR_051134_0500.jpg,night,0.9995664
CDOSR_051139_0501.jpg,night,0.99956626
CDOSR_051144_0502.jpg,night,0.9995664
CDOSR_051149_0503.jpg,night,0.9995664
CDOSR_051154_0504.jpg,night,0.99956626
CDOSR_051159_0505.jpg,night,0.99956626
CDOSR_051204_0506.jpg,night,0.9995664
CDOSR_051210_0507.jpg,night,0.9995664
CDOSR_051215_0508.jpg,night,0.9995664
CDOSR_051220_0509.jpg,night,0.9995664
CDOSR_051225_0510.jpg,night,0.9995664
CDOSR_051230_0511.jpg,night,0.9995664
CDOSR_051235_0512.jpg,night,0.9995664
CDOSR_051240_0513.jpg,night,0.9995664
CDOSR_051245_0514.jpg,night,0.9995664
CDOSR_051250_0515.jpg,night,0.9995664
CDOSR_051255_0516.jpg,night,0.9995664
CDOSR_051300_0517.jpg,night,0.9995664
CDOSR_051305_0518.jpg,night,0.9995664
CDOSR_051310_0519.jpg,night,0.9995664
CDOSR_051315_0520.jpg,night,0.9995665
CDOSR_051320_0521.jpg,night,0.9995664
CDOSR_051325_0522.jpg,night,0.9995664
CDOSR_051331_0523.jpg,night,0.9995664
CDOSR_051336_0524.jpg,night,0.9995664
CDOSR_051341_0525.jpg,night,0.9995664
CDOSR_051346_0526.jpg,night,0.9995664
CDOSR_051351_0527.jpg,night,0.9995664
CDOSR_051356_0528.jpg,night,0.9995664
CDOSR_051401_0529.jpg,night,0.9995664
CDOSR_051406_0530.jpg,night,0.99956626
CDOSR_051411_0531.jpg,night,0.9995664
CDOSR_051416_0532.jpg,night,0.9995664
CDOSR_051421_0533.jpg,night,0.99956626
CDOSR_051426_0534.jpg,night,0.9995664
CDOSR_051432_0535.jpg,night,0.9995665
CDOSR_051437_0536.jpg,night,0.9995664
CDOSR_051442_0537.jpg,night,0.9995664
CDOSR_051447_0538.jpg,night,0.9995664
CDOSR_051452_0539.jpg,night,0.9995664
CDOSR_051457_0540.jpg,night,0.99956626
CDOSR_051502_0541.jpg,night,0.9995664
CDOSR_051507_0542.jpg,night,0.9995664
CDOSR_051512_0543.jpg,night,0.9995664
CDOSR_051518_0544.jpg,night,0.9995664
CDOSR_051523_0545.jpg,night,0.9995664
CDOSR_051528_0546.jpg,night,0.9995664
CDOSR_051533_0547.jpg,night,0.9995664
CDOSR_051538_0548.jpg,night,0.9995664
CDOSR_051543_0549.jpg,night,0.9995664
CDOSR_051548_0550.jpg,night,0.9995664
CDOSR_051553_0551.jpg,night,0.99956626
CDOSR_051558_0552.jpg,night,0.99956626
CDOSR_051603_0553.jpg,night,0.9995664
CDOSR_051608_0554.jpg,night,0.9995664
CDOSR_051613_0555.jpg,night,0.9995664
CDOSR_051618_0556.jpg,night,0.9995664
CDOSR_051623_0557.jpg,night,0.9995664
CDOSR_051629_0558.jpg,night,0.9995664
CDOSR_051634_0559.jpg,night,0.9995664
CDOSR_051639_0560.jpg,night,0.9995664
CDOSR_051644_0561.jpg,night,0.9995664
CDOSR_051649_0562.jpg,night,0.9995664
CDOSR_051654_0563.jpg,night,0.99956626
CDOSR_051659_0564.jpg,night,0.9995664
CDOSR_051704_0565.jpg,night,0.9995664
CDOSR_051709_0566.jpg,night,0.9995664
CDOSR_051714_0567.jpg,night,0.9995665
CDOSR_051719_0568.jpg,night,0.9995664
CDOSR_051724_0569.jpg,night,0.99956626
CDOSR_051729_0570.jpg,night,0.9995664
CDOSR_051734_0571.jpg,night,0.99956626
CDOSR_051739_0572.jpg,night,0.99956626
CDOSR_051744_0573.jpg,night,0.99956626
CDOSR_051749_0574.jpg,night,0.9995664
CDOSR_051755_0575.jpg,night,0.9995664
CDOSR_051800_0576.jpg,night,0.9995664
CDOSR_061935_0577.jpg,day,0.99999857
CDOSR_061935_0578.jpg,day,0.999998
CDOSR_061936_0579.jpg,day,0.9999975
CDOSR_061936_0580.jpg,day,0.9999982
CDOSR_061937_0581.jpg,day,0.9999975
CDOSR_061938_0582.jpg,day,0.9999974
CDOSR_061938_0583.jpg,day,0.9999974
CDOSR_061939_0584.jpg,day,0.9999976
CDOSR_061939_0585.jpg,day,0.9999943
CDOSR_061940_0586.jpg,day,0.9999975
CDOSR_061941_0587.jpg,day,0.99999845
CDOSR_061941_0588.jpg,day,0.99999845
CDOSR_061942_0589.jpg,day,0.9999939
CDOSR_061942_0590.jpg,day,0.9999964
CDOSR_061943_0591.jpg,day,0.9999974
CDOSR_061944_0592.jpg,day,0.99999726
CDOSR_061944_0593.jpg,day,0.9999975
CDOSR_061945_0594.jpg,day,0.9999937
CDOSR_061946_0595.jpg,day,0.999998
CDOSR_061946_0596.jpg,day,0.99999607
CDOSR_061947_0597.jpg,day,0.9999962
CDOSR_061947_0598.jpg,day,0.99999714
CDOSR_061948_0599.jpg,day,0.9999974
CDOSR_061949_0600.jpg,day,0.99999356
CDOSR_061949_0601.jpg,day,0.9999962
CDOSR_061950_0602.jpg,day,0.99999547
CDOSR_061951_0603.jpg,day,0.9999963
CDOSR_061951_0604.jpg,day,0.9999958
CDOSR_061952_0605.jpg,day,0.99999547
CDOSR_061952_0606.jpg,day,0.9999931
CDOSR_061953_0607.jpg,day,0.9999957
CDOSR_061954_0608.jpg,day,0.99999297
CDOSR_061954_0609.jpg,day,0.9999925
CDOSR_061955_0610.jpg,day,0.99999356
CDOSR_061956_0611.jpg,day,0.9999956
CDOSR_061956_0612.jpg,day,0.9999968
CDOSR_061957_0613.jpg,day,0.99999654
CDOSR_061957_0614.jpg,day,0.99999535
CDOSR_061958_0615.jpg,day,0.99999475
CDOSR_061959_0616.jpg,day,0.9999951
CDOSR_061959_0617.jpg,day,0.9999974
CDOSR_062000_0618.jpg,day,0.9999962
CDOSR_062000_0619.jpg,day,0.9999958
CDOSR_062001_0620.jpg,day,0.9999981
CDOSR_062002_0621.jpg,day,0.9999956
CDOSR_062002_0622.jpg,day,0.99999774
CDOSR_062003_0623.jpg,day,0.9999969
CDOSR_062004_0624.jpg,day,0.9999964
CDOSR_062004_0625.jpg,day,0.9999982
CDOSR_062005_0626.jpg,day,0.9999982
CDOSR_062005_0627.jpg,day,0.99999905
CDOSR_062006_0628.jpg,day,0.99999917
CDOSR_062007_0629.jpg,day,0.99999833
CDOSR_062007_0630.jpg,day,0.9999987
CDOSR_062008_0631.jpg,day,0.9999962
CDOSR_062009_0632.jpg,day,0.9999989
CDOSR_062009_0633.jpg,day,0.9999988
CDOSR_062010_0634.jpg,day,0.9999993
CDOSR_062010_0635.jpg,day,0.99999857
CDOSR_062011_0636.jpg,day,0.99999833
CDOSR_062012_0637.jpg,day,0.99999905
CDOSR_062012_0638.jpg,day,0.99999857
CDOSR_062013_0639.jpg,day,0.99999845
CDOSR_062014_0640.jpg,day,0.9999989
CDOSR_062014_0641.jpg,day,0.99999917
CDOSR_062015_0642.jpg,day,0.9999987
CDOSR_062015_0643.jpg,day,0.9999976
CDOSR_062016_0644.jpg,day,0.9999988
CDOSR_062017_0645.jpg,day,0.9999987
CDOSR_062017_0646.jpg,day,0.9999993
CDOSR_062018_0647.jpg,day,0.9999993
CDOSR_062018_0648.jpg,day,0.99999964
CDOSR_062019_0649.jpg,day,0.9999987
CDOSR_062020_0650.jpg,day,0.99999845
CDOSR_062020_0651.jpg,day,0.9999988
CDOSR_062021_0652.jpg,day,0.9999987
CDOSR_062022_0653.jpg,day,0.9999989
CDOSR_062022_0654.jpg,day,0.99999845
CDOSR_062023_0655.jpg,day,0.99999964
CDOSR_062023_0656.jpg,day,0.9999988
CDOSR_062024_0657.jpg,day,0.9999993
CDOSR_062025_0658.jpg,day,0.99999964
CDOSR_062025_0659.jpg,day,0.99999917
CDOSR_062026_0660.jpg,day,0.9999993
CDOSR_062027_0661.jpg,day,0.9999993
CDOSR_062027_0662.jpg,day,0.9999994
CDOSR_062028_0663.jpg,day,0.99999857
CDOSR_062028_0664.jpg,day,0.99999917
CDOSR_062029_0665.jpg,day,0.9999993
CDOSR_062030_0666.jpg,day,0.99999917
CDOSR_062030_0667.jpg,day,0.99999857
CDOSR_062031_0668.jpg,day,0.99999905
CDOSR_062032_0669.jpg,day,0.9999989
CDOSR_062032_0670.jpg,day,0.9999988
CDOSR_062033_0671.jpg,day,0.99999845
CDOSR_062033_0672.jpg,day,0.9999994
CDOSR_062034_0673.jpg,day,0.99999774
CDOSR_062035_0674.jpg,day,0.9999969
CDOSR_062035_0675.jpg,day,0.9999989
CDOSR_062036_0676.jpg,day,0.99999917
CDOSR_062037_0677.jpg,day,0.99999857
CDOSR_062037_0678.jpg,day,0.9999994
CDOSR_062038_0679.jpg,day,0.99999833
CDOSR_062038_0680.jpg,day,0.99999857
CDOSR_062039_0681.jpg,day,0.9999988
CDOSR_062040_0682.jpg,day,0.99999905
CDOSR_062040_0683.jpg,day,0.9999994
CDOSR_062041_0684.jpg,day,0.9999987
CDOSR_062042_0685.jpg,day,0.9999994
CDOSR_062042_0686.jpg,day,0.99999905
CDOSR_062043_0687.jpg,day,0.9999993
CDOSR_062043_0688.jpg,day,0.99999833
CDOSR_062044_0689.jpg,day,0.9999995
CDOSR_062045_0690.jpg,day,0.9999987
CDOSR_062045_0691.jpg,day,0.99999917
CDOSR_062046_0692.jpg,day,0.9999987
CDOSR_062047_0693.jpg,day,0.99999833
CDOSR_062047_0694.jpg,day,0.99999833
CDOSR_062048_0695.jpg,day,0.9999976
CDOSR_062048_0696.jpg,day,0.9999968
CDOSR_062049_0697.jpg,day,0.99999666
CDOSR_062050_0698.jpg,day,0.99999785
CDOSR_062050_0699.jpg,day,0.9999987
CDOSR_062051_0700.jpg,day,0.9999957
CDOSR_062052_0701.jpg,day,0.999998
CDOSR_062052_0702.jpg,day,0.9999982
CDOSR_062053_0703.jpg,day,0.999995
CDOSR_062053_0704.jpg,day,0.9999945
CDOSR_062054_0705.jpg,day,0.9999963
CDOSR_062055_0706.jpg,day,0.99999607
CDOSR_062055_0707.jpg,day,0.9999968
CDOSR_062056_0708.jpg,day,0.9999974
CDOSR_062057_0709.jpg,day,0.99999726
CDOSR_062057_0710.jpg,day,0.999998
CDOSR_062058_0711.jpg,day,0.9999987
CDOSR_062058_0712.jpg,day,0.99999857
CDOSR_062059_0713.jpg,day,0.9999993
CDOSR_062100_0714.jpg,day,0.9999987
CDOSR_062100_0715.jpg,day,0.9999987
CDOSR_062101_0716.jpg,day,0.99999833
CDOSR_062102_0717.jpg,day,0.9999982
CDOSR_062102_0718.jpg,day,0.99999857
CDOSR_062103_0719.jpg,day,0.9999989
CDOSR_062104_0720.jpg,day,0.9999994
CDOSR_062104_0721.jpg,day,0.99999917
CDOSR_062105_0722.jpg,day,0.99999833
CDOSR_062105_0723.jpg,day,0.9999989
CDOSR_062106_0724.jpg,day,0.99999917
CDOSR_062107_0725.jpg,day,0.9999993
CDOSR_062107_0726.jpg,day,0.9999988
CDOSR_062108_0727.jpg,day,0.9999995
CDOSR_062108_0728.jpg,day,0.9999993
CDOSR_062109_0729.jpg,day,0.99999833
CDOSR_062110_0730.jpg,day,0.9999988
CDOSR_062110_0731.jpg,day,0.9999989
CDOSR_062111_0732.jpg,day,0.99999857
CDOSR_062112_0733.jpg,day,0.9999988
CDOSR_062112_0734.jpg,day,0.9999981
CDOSR_062113_0735.jpg,day,0.9999987
CDOSR_062113_0736.jpg,day,0.9999987
CDOSR_062114_0737.jpg,day,0.9999989
CDOSR_062115_0738.jpg,day,0.99999833
CDOSR_062116_0739.jpg,day,0.99999857
CDOSR_062116_0740.jpg,day,0.9999982
CDOSR_062117_0741.jpg,day,0.9999987
CDOSR_062118_0742.jpg,day,0.99999905
CDOSR_062118_0743.jpg,day,0.9999994
CDOSR_062119_0744.jpg,day,0.9999989
CDOSR_062120_0745.jpg,day,0.9999993
CDOSR_062120_0746.jpg,day,0.9999988
CDOSR_062121_0747.jpg,day,0.99999857
CDOSR_062121_0748.jpg,day,0.99999845
CDOSR_062122_0749.jpg,day,0.9999993
CDOSR_062123_0750.jpg,day,0.9999989
CDOSR_062123_0751.jpg,day,0.9999989
CDOSR_062124_0752.jpg,day,0.9999989
CDOSR_062125_0753.jpg,day,0.99999917
CDOSR_062125_0754.jpg,day,0.9999988
CDOSR_062126_0755.jpg,day,0.9999993
CDOSR_062126_0756.jpg,day,0.99999905
CDOSR_062127_0757.jpg,day,0.9999989
CDOSR_062128_0758.jpg,day,0.99999857
CDOSR_062128_0759.jpg,day,0.9999988
CDOSR_062129_0760.jpg,day,0.99999917
CDOSR_062130_0761.jpg,day,0.99999917
CDOSR_062130_0762.jpg,day,0.9999993
CDOSR_062131_0763.jpg,day,0.99999905
CDOSR_062131_0764.jpg,day,0.99999964
CDOSR_062132_0765.jpg,day,0.9999994
CDOSR_062133_0766.jpg,day,0.9999994
CDOSR_062133_0767.jpg,day,0.99999976
CDOSR_062134_0768.jpg,day,0.99999976
CDOSR_062135_0769.jpg,day,0.99999976
CDOSR_062135_0770.jpg,day,0.99999976
CDOSR_062136_0771.jpg,day,0.9999999
CDOSR_062136_0772.jpg,day,0.99999976
CDOSR_062137_0773.jpg,day,0.99999976
CDOSR_062138_0774.jpg,day,0.9999999
CDOSR_062138_0775.jpg,day,0.9999999
CDOSR_062139_0776.jpg,day,0.9999999
CDOSR_062140_0777.jpg,day,0.9999999
CDOSR_062140_0778.jpg,day,0.99999964
CDOSR_062141_0779.jpg,day,0.99999976
CDOSR_062141_0780.jpg,day,0.9999999
CDOSR_062142_0781.jpg,day,0.99999976
CDOSR_062143_0782.jpg,day,0.9999999
CDOSR_062143_0783.jpg,day,0.9999999
CDOSR_062144_0784.jpg,day,0.99999976
CDOSR_062145_0785.jpg,day,0.9999994
CDOSR_062145_0786.jpg,day,0.99999964
CDOSR_062146_0787.jpg,day,0.99999964
CDOSR_062146_0788.jpg,day,0.9999995
CDOSR_062147_0789.jpg,day,0.99999964
CDOSR_062148_0790.jpg,day,0.99999976
CDOSR_062148_0791.jpg,day,0.9999994
CDOSR_062149_0792.jpg,day,0.99999964
CDOSR_062149_0793.jpg,day,0.9999975
CDOSR_062150_0794.jpg,day,0.99999964
CDOSR_062151_0795.jpg,day,0.9999994
CDOSR_062151_0796.jpg,day,0.9999994
CDOSR_062152_0797.jpg,day,0.9999994
CDOSR_062153_0798.jpg,day,0.9999994
CDOSR_062153_0799.jpg,day,0.99999857
CDOSR_062154_0800.jpg,day,0.9999957
CDOSR_062154_0801.jpg,day,0.9999963
CDOSR_062155_0802.jpg,day,0.999998
CDOSR_062156_0803.jpg,day,0.9999993
CDOSR_062156_0804.jpg,day,0.99999917
CDOSR_062157_0805.jpg,day,0.9999993
CDOSR_062158_0806.jpg,day,0.9999989
CDOSR_062158_0807.jpg,day,0.9999974
CDOSR_062159_0808.jpg,day,0.9999976
CDOSR_062159_0809.jpg,day,0.99999774
CDOSR_062200_0810.jpg,day,0.99999857
CDOSR_062201_0811.jpg,day,0.99999785
CDOSR_062206_0812.jpg,day,0.9999943
CDOSR_062211_0813.jpg,day,0.99998486
CDOSR_062216_0814.jpg,day,0.99998534
CDOSR_062221_0815.jpg,day,0.99998844
CDOSR_062226_0816.jpg,day,0.99997735
CDOSR_062231_0817.jpg,day,0.9999871
CDOSR_062237_0818.jpg,day,0.9999887
CDOSR_062242_0819.jpg,day,0.9999906
CDOSR_062247_0820.jpg,day,0.99999785
CDOSR_062252_0821.jpg,day,0.99999905
CDOSR_062257_0822.jpg,day,0.99999726
CDOSR_062302_0823.jpg,day,0.9999988
CDOSR_062307_0824.jpg,day,0.99999905
CDOSR_062313_0825.jpg,day,0.99999857
CDOSR_062318_0826.jpg,day,0.99999905
CDOSR_062323_0827.jpg,day,0.99999714
CDOSR_062328_0828.jpg,day,0.99999785
CDOSR_062333_0829.jpg,day,0.9999926
CDOSR_062338_0830.jpg,day,0.9999988
CDOSR_062344_0831.jpg,day,0.99999857
CDOSR_062349_0832.jpg,day,0.99999785
CDOSR_062354_0833.jpg,day,0.9999987
CDOSR_062359_0834.jpg,day,0.9999968
CDOSR_062404_0835.jpg,day,0.9999949
CDOSR_062409_0836.jpg,day,0.99999785
CDOSR_062414_0837.jpg,day,0.99999416
CDOSR_062420_0838.jpg,day,0.99999475
CDOSR_062425_0839.jpg,day,0.9999764
CDOSR_062430_0840.jpg,day,0.99999046
CDOSR_062435_0841.jpg,day,0.999982
CDOSR_062440_0842.jpg,day,0.9999484
CDOSR_062445_0843.jpg,day,0.9999378
CDOSR_062451_0844.jpg,day,0.99986386
CDOSR_062456_0845.jpg,day,0.9999261
CDOSR_062501_0846.jpg,day,0.99984944
CDOSR_062506_0847.jpg,day,0.9999825
CDOSR_062511_0848.jpg,day,0.99977607
CDOSR_062516_0849.jpg,day,0.9998313
CDOSR_062522_0850.jpg,day,0.99990034
CDOSR_062527_0851.jpg,day,0.99999356
CDOSR_062532_0852.jpg,day,0.9999757
CDOSR_062537_0853.jpg,day,0.99993455
CDOSR_062542_0854.jpg,day,0.9994886
CDOSR_062547_0855.jpg,day,0.9991835
CDOSR_062553_0856.jpg,day,0.9989655
CDOSR_062558_0857.jpg,day,0.9996942
CDOSR_062603_0858.jpg,day,0.998287
CDOSR_062608_0859.jpg,day,0.997521
CDOSR_062613_0860.jpg,day,0.9878197
CDOSR_062618_0861.jpg,day,0.98448825
CDOSR_062623_0862.jpg,day,0.9942059
CDOSR_062628_0863.jpg,day,0.9953721
CDOSR_062633_0864.jpg,day,0.99816054
CDOSR_062639_0865.jpg,day,0.99943584
CDOSR_062644_0866.jpg,day,0.9983535
CDOSR_062649_0867.jpg,day,0.9983273
CDOSR_062654_0868.jpg,day,0.9988225
CDOSR_062659_0869.jpg,day,0.99811137
CDOSR_062704_0870.jpg,day,0.99876875
CDOSR_062709_0871.jpg,day,0.9993298
CDOSR_062714_0872.jpg,day,0.99831474
CDOSR_062720_0873.jpg,day,0.9954306
CDOSR_062725_0874.jpg,day,0.99306506
CDOSR_062730_0875.jpg,day,0.99509454
CDOSR_062735_0876.jpg,day,0.9988881
CDOSR_062740_0877.jpg,day,0.9982899
CDOSR_062745_0878.jpg,day,0.9979096
CDOSR_062750_0879.jpg,day,0.99758697
CDOSR_062755_0880.jpg,day,0.9975332
CDOSR_062800_0881.jpg,day,0.99877185
CDOSR_062806_0882.jpg,day,0.9996774
CDOSR_062811_0883.jpg,day,0.9994228
CDOSR_062816_0884.jpg,day,0.9996113
CDOSR_062821_0885.jpg,day,0.99975044
CDOSR_062826_0886.jpg,day,0.9996364
CDOSR_062831_0887.jpg,day,0.9994917
CDOSR_062836_0888.jpg,day,0.99873656
CDOSR_062841_0889.jpg,day,0.998909
CDOSR_062846_0890.jpg,day,0.99868864
CDOSR_062851_0891.jpg,day,0.9971263
CDOSR_062856_0892.jpg,day,0.989897
CDOSR_062901_0893.jpg,day,0.9622225
CDOSR_062906_0894.jpg,night,0.53056705
CDOSR_062911_0895.jpg,night,0.863459
CDOSR_062916_0896.jpg,night,0.9933431
CDOSR_062922_0897.jpg,night,0.99867
CDOSR_062927_0898.jpg,night,0.99977905
CDOSR_062932_0899.jpg,night,0.9999304
CDOSR_062937_0900.jpg,night,0.99996555
CDOSR_062942_0901.jpg,night,0.9999759
CDOSR_062947_0902.jpg,night,0.9999722
CDOSR_062952_0903.jpg,night,0.9999815
CDOSR_062957_0904.jpg,night,0.99998665
CDOSR_063002_0905.jpg,night,0.99997973
CDOSR_063007_0906.jpg,night,0.999969
CDOSR_063012_0907.jpg,night,0.9999658
CDOSR_063017_0908.jpg,night,0.9999707
CDOSR_063022_0909.jpg,night,0.99995756
CDOSR_063027_0910.jpg,night,0.99995303
CDOSR_063032_0911.jpg,night,0.99994123
CDOSR_063038_0912.jpg,night,0.99995804
CDOSR_063043_0913.jpg,night,0.9999604
CDOSR_063048_0914.jpg,night,0.9999614
CDOSR_063053_0915.jpg,night,0.99994445
CDOSR_063058_0916.jpg,night,0.9999281
CDOSR_063103_0917.jpg,night,0.9999379
CDOSR_063108_0918.jpg,night,0.99993455
CDOSR_063113_0919.jpg,night,0.99990773
CDOSR_063118_0920.jpg,night,0.99990726
CDOSR_063124_0921.jpg,night,0.99991834
CDOSR_063129_0922.jpg,night,0.99989474
CDOSR_063134_0923.jpg,night,0.999894
CDOSR_063139_0924.jpg,night,0.9999192
CDOSR_063144_0925.jpg,night,0.9999182
CDOSR_063149_0926.jpg,night,0.9999126
CDOSR_063154_0927.jpg,night,0.99990857
CDOSR_063159_0928.jpg,night,0.99992335
CDOSR_063204_0929.jpg,night,0.9999242
CDOSR_063209_0930.jpg,night,0.9999182
CDOSR_063214_0931.jpg,night,0.99992156
CDOSR_063219_0932.jpg,night,0.9999058
CDOSR_063224_0933.jpg,night,0.9998872
CDOSR_063229_0934.jpg,night,0.9998933
CDOSR_063234_0935.jpg,night,0.9998877
CDOSR_063239_0936.jpg,night,0.9998957
CDOSR_063244_0937.jpg,night,0.9998642
CDOSR_063249_0938.jpg,night,0.9999074
CDOSR_063255_0939.jpg,night,0.99987376
CDOSR_063300_0940.jpg,night,0.99970216
CDOSR_063305_0941.jpg,night,0.9996772
CDOSR_063310_0942.jpg,night,0.9996445
CDOSR_063315_0943.jpg,night,0.9995192
CDOSR_063320_0944.jpg,night,0.9994253
CDOSR_063325_0945.jpg,night,0.99942064
CDOSR_063330_0946.jpg,night,0.99933356
CDOSR_063335_0947.jpg,night,0.9990783
CDOSR_063340_0948.jpg,night,0.99897563
CDOSR_063345_0949.jpg,night,0.9990318
CDOSR_063350_0950.jpg,night,0.9993599
CDOSR_063355_0951.jpg,night,0.9999151
CDOSR_063400_0952.jpg,night,0.9999423
CDOSR_063405_0953.jpg,night,0.9996817
CDOSR_063410_0954.jpg,night,0.9995652
CDOSR_063415_0955.jpg,night,0.9995665
CDOSR_063420_0956.jpg,night,0.9995665
CDOSR_063425_0957.jpg,night,0.9995665
CDOSR_063431_0958.jpg,night,0.9995665
CDOSR_063436_0959.jpg,night,0.9995665
CDOSR_063441_0960.jpg,night,0.9995665
CDOSR_063446_0961.jpg,night,0.9995665
CDOSR_063451_0962.jpg,night,0.9995665
CDOSR_063456_0963.jpg,night,0.9995665
CDOSR_063501_0964.jpg,night,0.9995665
CDOSR_063506_0965.jpg,night,0.9995665
CDOSR_063511_0966.jpg,night,0.9995664
CDOSR_063516_0967.jpg,night,0.9995664
CDOSR_063521_0968.jpg,night,0.9995665
CDOSR_063526_0969.jpg,night,0.9995665
CDOSR_063531_0970.jpg,night,0.9995665
CDOSR_063537_0971.jpg,night,0.9995665
CDOSR_063542_0972.jpg,night,0.9995665
CDOSR_063547_0973.jpg,night,0.9995664
CDOSR_063552_0974.jpg,night,0.9995664
CDOSR_063557_0975.jpg,night,0.9995665
CDOSR_063602_0976.jpg,night,0.9995665
CDOSR_063607_0977.jpg,night,0.9995665
CDOSR_063612_0978.jpg,night,0.9995665
CDOSR_063617_0979.jpg,night,0.9995665
CDOSR_063622_0980.jpg,night,0.9995665
CDOSR_063627_0981.jpg,night,0.9995665
CDOSR_063632_0982.jpg,night,0.9995665
CDOSR_063637_0983.jpg,night,0.9995665
CDOSR_063643_0984.jpg,night,0.9995665
CDOSR_063648_0985.jpg,night,0.9995665
CDOSR_063653_0986.jpg,night,0.9995665
CDOSR_063658_0987.jpg,night,0.9995664
CDOSR_063703_0988.jpg,night,0.9995665
CDOSR_063708_0989.jpg,night,0.9995665
CDOSR_063713_0990.jpg,night,0.9995665
CDOSR_063718_0991.jpg,night,0.9995664
CDOSR_063723_0992.jpg,night,0.9995665
CDOSR_063728_0993.jpg,night,0.9995665
CDOSR_063733_0994.jpg,night,0.9995665
CDOSR_063738_0995.jpg,night,0.9995665
CDOSR_063743_0996.jpg,night,0.9995665
CDOSR_063749_0997.jpg,night,0.9995665
CDOSR_063754_0998.jpg,night,0.9995665
CDOSR_063759_0999.jpg,night,0.9995665
CDOSR_063804_1000.jpg,night,0.9995665
CDOSR_063809_1001.jpg,night,0.9995665
CDOSR_063814_1002.jpg,night,0.9995665
CDOSR_063819_1003.jpg,night,0.9995665
CDOSR_063824_1004.jpg,night,0.9995665
CDOSR_063829_1005.jpg,night,0.9995665
CDOSR_063834_1006.jpg,night,0.9995665
CDOSR_063839_1007.jpg,night,0.9995665
CDOSR_063845_1008.jpg,night,0.9995664
CDOSR_063850_1009.jpg,night,0.9995664
CDOSR_063855_1010.jpg,night,0.9995665
CDOSR_063900_1011.jpg,night,0.9995665
CDOSR_063905_1012.jpg,night,0.9995665
CDOSR_063910_1013.jpg,night,0.9995665
CDOSR_063915_1014.jpg,night,0.9995665
CDOSR_063920_1015.jpg,night,0.9995665
CDOSR_063925_1016.jpg,night,0.9995665
CDOSR_063930_1017.jpg,night,0.9995665
CDOSR_063935_1018.jpg,night,0.9995665
CDOSR_063940_1019.jpg,night,0.9995665
CDOSR_063945_1020.jpg,night,0.99956626
CDOSR_063950_1021.jpg,night,0.9995665
CDOSR_063955_1022.jpg,night,0.9995665
CDOSR_064000_1023.jpg,night,0.9995665
CDOSR_064005_1024.jpg,night,0.9995665
CDOSR_064011_1025.jpg,night,0.9995665
CDOSR_064016_1026.jpg,night,0.9995665
CDOSR_064021_1027.jpg,night,0.9995665
CDOSR_064026_1028.jpg,night,0.9995665
CDOSR_064031_1029.jpg,night,0.9995665
CDOSR_064036_1030.jpg,night,0.9995665
CDOSR_064041_1031.jpg,night,0.9995665
CDOSR_064046_1032.jpg,night,0.9995664
CDOSR_064051_1033.jpg,night,0.9995665
CDOSR_064056_1034.jpg,night,0.9995665
CDOSR_064101_1035.jpg,night,0.9995665
CDOSR_064106_1036.jpg,night,0.9995664
CDOSR_064111_1037.jpg,night,0.9995665
CDOSR_064116_1038.jpg,night,0.9995665
CDOSR_064122_1039.jpg,night,0.9995665
CDOSR_064127_1040.jpg,night,0.9995665
CDOSR_064132_1041.jpg,night,0.9995665
CDOSR_064137_1042.jpg,night,0.9995665
CDOSR_064142_1043.jpg,night,0.9995665
CDOSR_064147_1044.jpg,night,0.9995665
CDOSR_064152_1045.jpg,night,0.9995665
CDOSR_064157_1046.jpg,night,0.9995665
CDOSR_064202_1047.jpg,night,0.9995665
CDOSR_064207_1048.jpg,night,0.9995664
CDOSR_064212_1049.jpg,night,0.9995665
CDOSR_064217_1050.jpg,night,0.9995664
CDOSR_064222_1051.jpg,night,0.9995665
CDOSR_064227_1052.jpg,night,0.9995665
CDOSR_064232_1053.jpg,night,0.9995665
CDOSR_064237_1054.jpg,night,0.9995665
CDOSR_064243_1055.jpg,night,0.9995665
CDOSR_064248_1056.jpg,night,0.9995665
CDOSR_064253_1057.jpg,night,0.9995665
CDOSR_064258_1058.jpg,night,0.9995665
CDOSR_064303_1059.jpg,night,0.9995665
CDOSR_064308_1060.jpg,night,0.9995665
CDOSR_064313_1061.jpg,night,0.9995665
CDOSR_064318_1062.jpg,night,0.9995665
CDOSR_064323_1063.jpg,night,0.9995665
CDOSR_064328_1064.jpg,night,0.9995664
CDOSR_064333_1065.jpg,night,0.9995664
CDOSR_064338_1066.jpg,night,0.9995665
CDOSR_064344_1067.jpg,night,0.9995665
CDOSR_064349_1068.jpg,night,0.9995665
CDOSR_064354_1069.jpg,night,0.9995665
CDOSR_064359_1070.jpg,night,0.9995665
CDOSR_064404_1071.jpg,night,0.9995665
CDOSR_064409_1072.jpg,night,0.9995665
CDOSR_064414_1073.jpg,night,0.9995665
CDOSR_064419_1074.jpg,night,0.9995664
CDOSR_064424_1075.jpg,night,0.9995665
CDOSR_064429_1076.jpg,night,0.9995665
CDOSR_064434_1077.jpg,night,0.9995665
CDOSR_064439_1078.jpg,night,0.9995665
CDOSR_064444_1079.jpg,night,0.9995665
CDOSR_064449_1080.jpg,night,0.9995664
CDOSR_064454_1081.jpg,night,0.9995665
CDOSR_064500_1082.jpg,night,0.9995665
CDOSR_064505_1083.jpg,night,0.9995665
CDOSR_064510_1084.jpg,night,0.9995665
CDOSR_064515_1085.jpg,night,0.9995665
CDOSR_064520_1086.jpg,night,0.9995665
CDOSR_064525_1087.jpg,night,0.9995664
CDOSR_064530_1088.jpg,night,0.9995665
CDOSR_064535_1089.jpg,night,0.9995665
CDOSR_064540_1090.jpg,night,0.9995665
CDOSR_064545_1091.jpg,night,0.9995665
CDOSR_064550_1092.jpg,night,0.9995665
CDOSR_064555_1093.jpg,night,0.9995665
CDOSR_064600_1094.jpg,night,0.9995665
CDOSR_064605_1095.jpg,night,0.9995665
CDOSR_064610_1096.jpg,night,0.9995664
CDOSR_064615_1097.jpg,night,0.9995665
CDOSR_064620_1098.jpg,night,0.9995664
CDOSR_064626_1099.jpg,night,0.9995665
CDOSR_064631_1100.jpg,night,0.9995665
CDOSR_064636_1101.jpg,night,0.9995664
CDOSR_064641_1102.jpg,night,0.9995665
CDOSR_064646_1103.jpg,night,0.9995665
CDOSR_064651_1104.jpg,night,0.9995665
CDOSR_064656_1105.jpg,night,0.9995665
CDOSR_064701_1106.jpg,night,0.9995664
CDOSR_064706_1107.jpg,night,0.9995665
CDOSR_064711_1108.jpg,night,0.9995665
CDOSR_064716_1109.jpg,night,0.9995665
CDOSR_064721_1110.jpg,night,0.9995664
CDOSR_064726_1111.jpg,night,0.9995665
CDOSR_064731_1112.jpg,night,0.9995665
CDOSR_064736_1113.jpg,night,0.9995665
CDOSR_064741_1114.jpg,night,0.9995665
CDOSR_064746_1115.jpg,night,0.9995665
CDOSR_064751_1116.jpg,night,0.9995665
CDOSR_064756_1117.jpg,night,0.9995665
CDOSR_064802_1118.jpg,night,0.9995665
CDOSR_064807_1119.jpg,night,0.9995665
CDOSR_064812_1120.jpg,night,0.9995664
CDOSR_064817_1121.jpg,night,0.9995665
CDOSR_064822_1122.jpg,night,0.9995664
CDOSR_064827_1123.jpg,night,0.9995665
CDOSR_064832_1124.jpg,night,0.9995665
CDOSR_064838_1125.jpg,night,0.9995665
CDOSR_064843_1126.jpg,night,0.9995665
CDOSR_064848_1127.jpg,night,0.9995665
CDOSR_064853_1128.jpg,night,0.9995665
CDOSR_064858_1129.jpg,night,0.9995665
CDOSR_064903_1130.jpg,night,0.9995665
CDOSR_064908_1131.jpg,night,0.9995665
CDOSR_064913_1132.jpg,night,0.9995665
CDOSR_064918_1133.jpg,night,0.9995664
CDOSR_064923_1134.jpg,night,0.9995664
CDOSR_064928_1135.jpg,night,0.9995665
CDOSR_064933_1136.jpg,night,0.9995665
CDOSR_064938_1137.jpg,night,0.9995665
CDOSR_064943_1138.jpg,night,0.9995664
CDOSR_064948_1139.jpg,night,0.9995665
CDOSR_064953_1140.jpg,night,0.9995664
CDOSR_064959_1141.jpg,night,0.9995665
CDOSR_065004_1142.jpg,night,0.9995665
CDOSR_065009_1143.jpg,night,0.9995665
CDOSR_065014_1144.jpg,night,0.9995665
CDOSR_065019_1145.jpg,night,0.9995665
CDOSR_065024_1146.jpg,night,0.9995665
CDOSR_065029_1147.jpg,night,0.9995665
CDOSR_065034_1148.jpg,night,0.9995665
CDOSR_065039_1149.jpg,night,0.9995665
CDOSR_065044_1150.jpg,night,0.9995665
CDOSR_065049_1151.jpg,night,0.9995665
CDOSR_065054_1152.jpg,night,0.9995664
CDOSR_065059_1153.jpg,night,0.9995665
CDOSR_065104_1154.jpg,night,0.9995664
CDOSR_065110_1155.jpg,night,0.9995665
CDOSR_065115_1156.jpg,night,0.9995665
CDOSR_065120_1157.jpg,night,0.9995665
CDOSR_065125_1158.jpg,night,0.9995664
CDOSR_065130_1159.jpg,night,0.9995665
CDOSR_065135_1160.jpg,night,0.9995665
CDOSR_065140_1161.jpg,night,0.9995665
CDOSR_065145_1162.jpg,night,0.9995665
CDOSR_065150_1163.jpg,night,0.9995664
CDOSR_065155_1164.jpg,night,0.9995665
CDOSR_065200_1165.jpg,night,0.9995665
CDOSR_065205_1166.jpg,night,0.9995665
CDOSR_065211_1167.jpg,night,0.9995664
CDOSR_065216_1168.jpg,night,0.9995665
CDOSR_065221_1169.jpg,night,0.9995665
CDOSR_065226_1170.jpg,night,0.9995665
CDOSR_065231_1171.jpg,night,0.9995664
CDOSR_065236_1172.jpg,night,0.9995664
CDOSR_065241_1173.jpg,night,0.9995665
CDOSR_065246_1174.jpg,night,0.9995665
CDOSR_065251_1175.jpg,night,0.9995665
CDOSR_065256_1176.jpg,night,0.9995665
CDOSR_065302_1177.jpg,night,0.9995665
CDOSR_065307_1178.jpg,night,0.99956626
CDOSR_065312_1179.jpg,night,0.9995665
CDOSR_065317_1180.jpg,night,0.9995665
CDOSR_065322_1181.jpg,night,0.9995665
CDOSR_065327_1182.jpg,night,0.9995665
CDOSR_065332_1183.jpg,night,0.9995665
CDOSR_065337_1184.jpg,night,0.9995665
CDOSR_065342_1185.jpg,night,0.9995665
CDOSR_065347_1186.jpg,night,0.9995665
CDOSR_065352_1187.jpg,night,0.9995665
CDOSR_065357_1188.jpg,night,0.9995665
CDOSR_065402_1189.jpg,night,0.9995665
CDOSR_065407_1190.jpg,night,0.9995665
CDOSR_065412_1191.jpg,night,0.9995665
CDOSR_065417_1192.jpg,night,0.9995665
CDOSR_065422_1193.jpg,night,0.9995665
CDOSR_065427_1194.jpg,night,0.9995664
CDOSR_065432_1195.jpg,night,0.9995665
CDOSR_065438_1196.jpg,night,0.9995664
CDOSR_065443_1197.jpg,night,0.9995665
CDOSR_065448_1198.jpg,night,0.9995665
CDOSR_065453_1199.jpg,night,0.9995665
CDOSR_065458_1200.jpg,night,0.9995665
CDOSR_065503_1201.jpg,night,0.9995665
CDOSR_065508_1202.jpg,night,0.9995664
CDOSR_065513_1203.jpg,night,0.9995665
CDOSR_065518_1204.jpg,night,0.9995665
CDOSR_065523_1205.jpg,night,0.9995665
CDOSR_065528_1206.jpg,night,0.9995664
CDOSR_065533_1207.jpg,night,0.9995664
CDOSR_065538_1208.jpg,night,0.9995665
CDOSR_065543_1209.jpg,night,0.9995665
CDOSR_065548_1210.jpg,night,0.9995665
CDOSR_065553_1211.jpg,night,0.9995664
CDOSR_065558_1212.jpg,night,0.9995665
CDOSR_065603_1213.jpg,night,0.9995665
CDOSR_065609_1214.jpg,night,0.9995665
CDOSR_065614_1215.jpg,night,0.9995665
CDOSR_065619_1216.jpg,night,0.9995665
CDOSR_065624_1217.jpg,night,0.9995665
CDOSR_065629_1218.jpg,night,0.9995665
CDOSR_065634_1219.jpg,night,0.9995664
CDOSR_065639_1220.jpg,night,0.9995665
CDOSR_065644_1221.jpg,night,0.9995665
CDOSR_065649_1222.jpg,night,0.9995665
CDOSR_065654_1223.jpg,night,0.9995664
CDOSR_065659_1224.jpg,night,0.9995665
CDOSR_065705_1225.jpg,night,0.9995665
CDOSR_065710_1226.jpg,night,0.9995665
CDOSR_065715_1227.jpg,night,0.9995665
CDOSR_065720_1228.jpg,night,0.9995665
CDOSR_065725_1229.jpg,night,0.9995664
CDOSR_065730_1230.jpg,night,0.9995665
CDOSR_065735_1231.jpg,night,0.9995665
CDOSR_065740_1232.jpg,night,0.9995665
CDOSR_065745_1233.jpg,night,0.9995665
CDOSR_065750_1234.jpg,night,0.9995665
CDOSR_065755_1235.jpg,night,0.9995665
CDOSR_065800_1236.jpg,night,0.9995665
CDOSR_065805_1237.jpg,night,0.9995665
CDOSR_065810_1238.jpg,night,0.99956626
CDOSR_065815_1239.jpg,night,0.9995664
CDOSR_065820_1240.jpg,night,0.9995665
CDOSR_065825_1241.jpg,night,0.9995664
CDOSR_065831_1242.jpg,night,0.9995665
CDOSR_065836_1243.jpg,night,0.9995665
CDOSR_065841_1244.jpg,night,0.9995665
CDOSR_065846_1245.jpg,night,0.9995665
CDOSR_065851_1246.jpg,night,0.9995665
CDOSR_065856_1247.jpg,night,0.9995665
CDOSR_065901_1248.jpg,night,0.9995664
CDOSR_065906_1249.jpg,night,0.9995665
CDOSR_065911_1250.jpg,night,0.9995665
CDOSR_065916_1251.jpg,night,0.9995665
CDOSR_065921_1252.jpg,night,0.9995665
CDOSR_065926_1253.jpg,night,0.9995665
CDOSR_065931_1254.jpg,night,0.9995665
CDOSR_065937_1255.jpg,night,0.9995664
CDOSR_065942_1256.jpg,night,0.9995665
CDOSR_065947_1257.jpg,night,0.9995665
CDOSR_065952_1258.jpg,night,0.9995665
CDOSR_065957_1259.jpg,night,0.9995665
CDOSR_070002_1260.jpg,night,0.9995664
CDOSR_070007_1261.jpg,night,0.9995665
CDOSR_070012_1262.jpg,night,0.9995665
CDOSR_070017_1263.jpg,night,0.9995665
CDOSR_070022_1264.jpg,night,0.9995665
CDOSR_070027_1265.jpg,night,0.9995665
CDOSR_070032_1266.jpg,night,0.9995665
